{
  "video_metadata": {
    "duration": 40.03,
    "fps": 30.0,
    "size": [
      144,
      256
    ],
    "audio_fps": null
  },
  "transcription_stats": {
    "total_duration": 40.03,
    "total_words": 3,
    "avg_words_per_second": 0.07494379215588308,
    "language": "en",
    "language_confidence": 0.0
  },
  "transcription": {
    "text": " you Thank you.",
    "segments": [
      {
        "id": 0,
        "seek": 0,
        "start": 0.16,
        "end": 0.28,
        "text": " you",
        "tokens": [
          50365,
          291,
          50396
        ],
        "temperature": 0.0,
        "avg_logprob": -0.7152915000915527,
        "compression_ratio": 0.2727272727272727,
        "no_speech_prob": 0.7076929211616516,
        "confidence": 0.25,
        "words": [
          {
            "text": "you",
            "start": 0.16,
            "end": 0.28,
            "confidence": 0.25
          }
        ]
      },
      {
        "id": 1,
        "seek": 3000,
        "start": 30.0,
        "end": 40.0,
        "text": " Thank you.",
        "tokens": [
          50365,
          1044,
          291,
          13,
          51864
        ],
        "temperature": 0.0,
        "avg_logprob": -0.270484983921051,
        "compression_ratio": 0.5555555555555556,
        "no_speech_prob": 0.2651374638080597,
        "confidence": 0.485,
        "words": [
          {
            "text": "Thank",
            "start": 30.0,
            "end": 38.6,
            "confidence": 0.236
          },
          {
            "text": "you.",
            "start": 38.6,
            "end": 40.0,
            "confidence": 0.998
          }
        ]
      }
    ],
    "language": "en",
    "language_probs": {
      "en": 0.3098888397216797,
      "zh": 0.019857175648212433,
      "de": 0.03631187975406647,
      "es": 0.05342318117618561,
      "ru": 0.14330679178237915,
      "ko": 0.022157076746225357,
      "fr": 0.05249951779842377,
      "ja": 0.07967086136341095,
      "pt": 0.05165129154920578,
      "tr": 0.02611919492483139,
      "pl": 0.010053361766040325,
      "ca": 0.003129591466858983,
      "nl": 0.009442880749702454,
      "ar": 0.015208509750664234,
      "sv": 0.008818999864161015,
      "it": 0.029656430706381798,
      "id": 0.029255738481879234,
      "hi": 0.0019227199954912066,
      "fi": 0.0076238857582211494,
      "vi": 0.011113039217889309,
      "he": 0.0016414197161793709,
      "uk": 0.007087029051035643,
      "el": 0.003025094047188759,
      "ms": 0.004054115619510412,
      "cs": 0.002622111001983285,
      "ro": 0.0025302881840616465,
      "da": 0.0024322501849383116,
      "hu": 0.0022295562084764242,
      "ta": 0.0004602072876878083,
      "no": 0.004013583995401859,
      "th": 0.0008561732247471809,
      "ur": 0.0007402721093967557,
      "hr": 0.0011569814523681998,
      "bg": 0.00025794125394895673,
      "lt": 0.00018648947298061103,
      "la": 0.0008841475355438888,
      "mi": 0.00028273407951928675,
      "ml": 0.0002135047980118543,
      "cy": 0.027654854580760002,
      "sk": 0.00034429726656526327,
      "te": 0.00010147953435080126,
      "fa": 0.00035801948979496956,
      "lv": 0.00014880280650686473,
      "bn": 0.0001664409355726093,
      "sr": 6.817550456617028e-05,
      "az": 0.00022801474551670253,
      "sl": 0.00035977791412733495,
      "kn": 2.8362310331431217e-06,
      "et": 0.00021498353453353047,
      "mk": 9.854835298028775e-06,
      "br": 0.00022345372417476028,
      "eu": 0.00014888812438584864,
      "is": 6.21256695012562e-05,
      "hy": 2.9618056942126714e-05,
      "ne": 2.1417950847535394e-05,
      "mn": 7.88451507105492e-06,
      "bs": 0.0002433345071040094,
      "kk": 4.730032742372714e-05,
      "sq": 2.0467323338380083e-05,
      "sw": 0.00018255345639772713,
      "gl": 0.0003525405190885067,
      "mr": 2.8632217436097562e-05,
      "pa": 9.266754204872996e-06,
      "si": 0.0003739785752259195,
      "km": 0.000808226759545505,
      "sn": 0.0002802942181006074,
      "yo": 7.331986853387207e-05,
      "so": 9.841320292025557e-08,
      "af": 7.808172085788101e-05,
      "oc": 2.7993930416414514e-05,
      "ka": 7.3621536103019025e-06,
      "be": 8.56623228173703e-05,
      "tg": 1.263179427724026e-07,
      "sd": 4.0034055928117596e-06,
      "gu": 4.490790615818696e-06,
      "am": 6.429592644963122e-07,
      "yi": 9.879895515041426e-06,
      "lo": 1.2691845768131316e-05,
      "uz": 2.358405559732546e-08,
      "fo": 9.091540960071143e-06,
      "ht": 2.432426299492363e-05,
      "ps": 1.4102110071689822e-05,
      "tk": 6.496198068361991e-08,
      "nn": 0.007771414238959551,
      "mt": 4.801659088116139e-06,
      "sa": 6.757158553227782e-05,
      "lb": 4.416691723463373e-08,
      "my": 2.655897696968168e-05,
      "bo": 5.907848390052095e-06,
      "tl": 0.002488739788532257,
      "mg": 7.693890324844688e-08,
      "as": 4.57827411537437e-07,
      "tt": 1.1940613831029623e-07,
      "haw": 0.00018172577256336808,
      "ln": 2.6935174446407473e-06,
      "ha": 9.643823517535566e-08,
      "ba": 7.030438098354352e-08,
      "jw": 0.0007685648160986602,
      "su": 1.8524804090702673e-07,
      "yue": 4.6636556362500414e-05
    }
  },
  "processing_time": "2025-05-13T14:21:18.281555"
}